{
  "StartSurvay": [
    {
      "index": 1,
      "formName": "Transportation: Commuting Type",
      "Fields": [
        {
          "value": "52",
          "id": "1",
          "label": "What percent of the time did you Walk, Bike, or Telecommute to work?",
          "type": "text",
          "validator": "..",
          "options": [
            {
              "value": "abc"
            },
            {
              "value": "something"
            },
            {
              "value": "new"
            },
            {
              "value": "old"
            },
            {
              "value": "hey there"
            },
            {
              "value": "hehehehe"
            }
          ]
        },
        {
          "value": "plain",
          "id": "2",
          "label": "Excluding business travel, what kind of long distance trips did your household take in 2020?",
          "type": "dropdown",
          "validator": "..",
          "options": [
            {
              "value": "train"
            },
            {
              "value": "plane"
            },
            {
              "value": "bus"
            },
            {
              "value": "bike"
            }
          ]
        }
      ]
    },
    {
      "index": 2,
      "formName": "Transportation: Plane Trips",
      "Fields": [
        {
          "value": "5",
          "label": "# of round trips between 1 - 3 hours",
          "type": "text",
          "validator": "..",
          "options": [
            {
              "value": "abc"
            },
            {
              "value": "something"
            },
            {
              "value": "new"
            },
            {
              "value": "old"
            },
            {
              "value": "hey there"
            },
            {
              "value": "hehehehe"
            }
          ]
        },
        {
          "value": "4",
          "label": "# of round trips between 3 - 6 hours",
          "type": "text",
          "validator": "..",
          "options": [
            {
              "value": "abc"
            },
            {
              "value": "something"
            },
            {
              "value": "new"
            },
            {
              "value": "old"
            },
            {
              "value": "hey there"
            },
            {
              "value": "hehehehe"
            }
          ]
        }
      ]
    },
    {
      "index": 3,
      "formName": "Food & Waste: Food",
      "Fields": [
        {
          "label": "Including yourself, how many people lived in your household in 2020?",
          "type": "text",
          "validator": "..",
          "options": [
            {
              "value": "something"
            },
            {
              "value": "new"
            },
            {
              "value": "old"
            },
            {
              "value": "hey there"
            },
            {
              "value": "hehehehe"
            }
          ]
        },
        {
          "label": "* How often does your household eat meat?",
          "type": "dropdown",
          "validator": "..",
          "options": [
            {
              "value": "rarely"
            },
            {
              "value": "never"
            },
            {
              "value": "every other day"
            },
            {
              "value": "hey there"
            },
            {
              "value": "hehehehe"
            }
          ]
        }
      ]
    },
    {
      "formName": "form 4",
      "Fields": [
        {
          "label": "test your knowledge",
          "type": "dropdown",
          "validator": "..",
          "options": [
            {
              "value": "something"
            },
            {
              "value": "new"
            },
            {
              "value": "old"
            },
            {
              "value": "hey there"
            },
            {
              "value": "hehehehe"
            }
          ]
        },
        {
          "label": "test your knowledge",
          "type": "checkbox",
          "validator": "..",
          "options": [
            {
              "value": "something"
            },
            {
              "value": "new"
            },
            {
              "value": "old"
            },
            {
              "value": "hey there"
            },
            {
              "value": "hehehehe"
            }
          ]
        },
        {
          "label": "test your knowledge",
          "type": "text",
          "validator": "..",
          "options": [
            {
              "value": "something"
            },
            {
              "value": "new"
            },
            {
              "value": "old"
            },
            {
              "value": "hey there"
            },
            {
              "value": "hehehehe"
            }
          ]
        }
      ]
    }
  ]
}